[
  {
    "ore": "minecraft:coal_ore",
    "oremeta": 0,
    "source": "minecraft:stone",
    "srcmeta": 0,
    "veins": 32,
    "size": 16,
    "miny": 10,
    "maxy": 246
  },
  {
    "ore": "minecraft:iron_ore",
    "oremeta": 0,
    "source": "minecraft:stone",
    "srcmeta": 0,
    "veins": 24,
    "size": 12,
    "miny": 10,
    "maxy": 246
  },
  {
    "ore": "minecraft:lapis_ore",
    "oremeta": 0,
    "source": "minecraft:stone",
    "srcmeta": 0,
    "veins": 8,
    "size": 8,
    "miny": 1,
    "maxy": 50
  },
  {
    "ore": "minecraft:redstone_ore",
    "oremeta": 0,
    "source": "minecraft:stone",
    "srcmeta": 0,
    "veins": 8,
    "size": 12,
    "miny": 10,
    "maxy": 55
  },
  {
    "ore": "minecraft:gold_ore",
    "oremeta": 0,
    "source": "minecraft:stone",
    "srcmeta": 0,
    "veins": 8,
    "size": 8,
    "miny": 10,
    "maxy": 60
  },
  {
    "ore": "minecraft:diamond_ore",
    "oremeta": 0,
    "source": "minecraft:stone",
    "srcmeta": 0,
    "veins": 4,
    "size": 8,
    "miny": 10,
    "maxy": 30
  },
  {
    "ore": "minecraft:emerald_ore",
    "oremeta": 0,
    "source": "minecraft:stone",
    "srcmeta": 0,
    "veins": 2,
    "size": 4,
    "miny": 10,
    "maxy": 25
  },
  {
    "ore": "minecraft:monster_egg",
    "oremeta": 0,
    "source": "minecraft:stone",
    "srcmeta": 0,
    "veins": 7,
    "size": 6,
    "miny": 10,
    "maxy": 246
  }
]